OBJECTID,FIRST_DIST,FIRST_Z
1,0,5.6632
2,1.998458342,5.5439
3,3.996916687,5.3724
4,5.995375028,4.993
5,7.993833368,4.7546
6,9.992291709,4.6358
7,11.99075005,4.5199
8,13.9892084,4.4657
9,15.98766673,4.4344
10,17.98612508,4.389
11,19.98458342,4.3795
12,21.98304176,4.3459
13,23.98150011,4.3031
14,25.97995844,4.216
15,27.97841679,4.2099
16,29.97687513,4.1784
17,31.97533347,4.1523
18,33.97379181,4.1119
19,35.97225016,4.0658
20,37.97070849,4.052
21,39.96916684,4.0165
22,41.96762518,3.9964
23,43.96608352,3.9662
24,45.96454186,3.9603
25,47.9630002,3.9524
26,49.96145855,3.9686
27,51.95991689,4.015
28,53.95837523,4.0605
29,55.95683357,4.0578
30,57.95529191,4.0648
31,59.95375025,4.0562
32,61.9522086,4.0588
33,63.95066694,4.08
34,65.94912528,4.1106
35,67.94758362,4.2901
36,69.94604196,4.3269
37,71.9445003,4.291
38,73.94295865,4.2882
39,75.94141699,4.247
40,77.93987533,4.2816
41,79.93833367,4.2235
42,81.93679202,4.1535
43,83.93525036,4.0699
44,85.9337087,4.0565
45,87.93216704,4.006
46,89.93062538,3.9248
47,91.92908372,3.7442
48,93.92754207,3.3765
49,95.92600041,2.9535
50,97.92445875,2.5768
51,99.92291709,2.2582
52,101.9213754,1.9141
53,103.9198338,1.5609
54,105.9182921,1.2799
55,107.9167505,1.0211
56,109.9152088,0.7145
57,111.9136671,0.4368
58,113.9121255,0.2812
59,115.9105838,0.1366
60,117.9090422,-0.1082
61,119.9075005,-0.0902
62,121.9059589,-0.0657
63,123.9044172,-0.0096
64,125.9028755,0.052
65,127.9013339,0.0711
66,129.8997922,0.0418
67,131.8982506,-0.0014
68,133.8967089,-0.0564
69,135.8951672,-0.1434
70,137.8936256,-0.2132
71,139.8920839,-0.2574
72,141.8905423,-0.2653
73,143.8890006,-0.313
74,145.887459,-0.2904
75,147.8859173,-0.1918
76,149.8843756,-0.175
77,0,4.8632
78,1.998458342,5.1767
79,3.996916684,5.3389
80,5.995375028,5.1872
81,7.99383337,4.8227
82,9.99229171,4.5946
83,11.99075005,4.5225
84,13.98920839,4.4595
85,15.98766674,4.4375
86,17.98612508,4.406
87,19.98458342,4.3747
88,21.98304176,4.2946
89,23.9815001,4.2647
90,25.97995845,4.2505
91,27.97841679,4.2144
92,29.97687513,4.1525
93,31.97533347,4.1146
94,33.97379181,4.0581
95,35.97225015,4.0299
96,37.9707085,3.9891
97,39.96916684,3.9014
98,41.96762518,3.802
99,43.96608352,3.7811
100,45.96454187,3.776
101,47.9630002,3.7236
102,49.96145855,3.6996
103,51.95991689,3.6618
104,53.95837523,3.644
105,55.95683357,3.6354
106,57.95529192,3.6258
107,59.95375026,3.6609
108,61.9522086,3.6969
109,63.95066694,3.713
110,65.94912528,3.7387
111,67.94758362,3.7785
112,69.94604197,3.8571
113,71.94450031,3.9326
114,73.94295865,4.0083
115,75.94141699,4.0854
116,77.93987533,4.159
117,79.93833368,4.1879
118,81.93679202,4.2015
119,83.93525036,4.1853
120,85.9337087,4.1145
121,87.93216704,3.9816
122,89.93062539,3.7874
123,91.92908373,3.5903
124,93.92754207,3.234
125,95.92600041,2.865
126,97.92445875,2.4477
127,99.92291709,2.0742
128,101.9213754,1.7961
129,103.9198338,1.5262
130,105.9182921,1.2809
131,107.9167505,0.9619
132,109.9152088,0.7246
133,111.9136671,0.487
134,113.9121255,0.3163
135,115.9105838,0.1958
136,117.9090422,0.1353
137,119.9075005,0.0573
138,121.9059589,0.0658
139,123.9044172,0.0732
140,125.9028755,0.0572
141,127.9013339,0.0204
142,129.8997922,0.0069
143,131.8982506,-0.0367
144,133.8967089,-0.0422
145,135.8951672,-0.0626
146,137.8936256,-0.0812
147,139.8920839,-0.1081
148,141.8905423,-0.1743
149,143.8890006,-0.2285
150,145.887459,-0.2759
151,147.8859173,-0.3246
152,149.8843756,-0.3136
153,0,4.8017
154,1.998458342,4.4471
155,3.996916681,4.3735
156,5.995375025,4.1856
157,7.993833367,4.5232
158,9.992291709,4.9129
159,11.99075005,4.9703
160,13.98920839,5.1197
161,15.98766673,5.3418
162,17.98612508,5.54
163,19.98458342,5.1803
164,21.98304176,4.913
165,23.9815001,4.7091
166,25.97995844,4.5682
167,27.97841679,4.4398
168,29.97687513,4.4401
169,31.97533347,4.3766
170,33.97379181,4.3492
171,35.97225015,4.3339
172,37.97070849,4.3287
173,39.96916684,4.2921
174,41.96762518,4.2521
175,43.96608352,4.209
176,45.96454186,4.1638
177,47.96300021,4.1395
178,49.96145855,4.0887
179,51.95991689,4.0606
180,53.95837523,4.0444
181,55.95683357,4.0414
182,57.95529191,4.0411
183,59.95375026,4.0402
184,61.9522086,4.0106
185,63.95066694,3.9949
186,65.94912528,3.9737
187,67.94758362,3.9776
188,69.94604197,4.0086
189,71.94450031,4.026
190,73.94295865,4.087
191,75.94141699,4.1165
192,77.93987533,4.1892
193,79.93833367,4.2294
194,81.93679201,4.221
195,83.93525036,4.1962
196,85.9337087,4.0846
197,87.93216704,3.9179
198,89.93062538,3.7636
199,91.92908372,3.6724
200,93.92754207,3.5081
201,95.92600041,3.1381
202,97.92445875,2.6998
203,99.92291709,2.3053
204,101.9213754,2.0124
205,103.9198338,1.6721
206,105.9182921,1.387
207,107.9167505,1.0619
208,109.9152088,0.8071
209,111.9136671,0.5849
210,113.9121255,0.3782
211,115.9105838,0.2681
212,117.9090422,0.2153
213,119.9075005,0.2012
214,121.9059589,0.1859
215,123.9044172,0.147
216,125.9028755,0.1548
217,127.9013339,0.1087
218,129.8997922,0.0809
219,131.8982506,0.0358
220,133.8967089,-0.0474
221,135.8951672,-0.1137
222,137.8936256,-0.1521
223,139.8920839,-0.1895
224,141.8905423,-0.2484
225,143.8890006,-0.2989
226,145.887459,-0.2457
227,147.8859173,-0.2425
228,149.8843756,-0.2558
229,0,11.3202
230,1.99845834,10.0682
231,3.996916683,10.4073
232,5.995375022,10.5086
233,7.993833369,9.97
234,9.992291709,10.0964
235,11.99075005,9.7452
236,13.98920839,5.0582
237,15.98766673,4.7782
238,17.98612508,4.6095
239,19.98458342,4.7396
240,21.98304176,4.7035
241,23.9815001,4.7761
242,25.97995844,5.0799
243,27.97841679,5.1301
244,29.97687513,4.8019
245,31.97533347,4.4875
246,33.97379181,4.361
247,35.97225015,4.2919
248,37.97070849,4.2438
249,39.96916684,4.1904
250,41.96762518,4.1551
251,43.96608352,4.1193
252,45.96454186,4.0813
253,47.9630002,4.0528
254,49.96145854,4.0513
255,51.95991689,4.0256
256,53.95837523,4.0147
257,55.95683357,3.9808
258,57.95529191,3.9563
259,59.95375025,3.9641
260,61.9522086,3.931
261,63.95066694,3.9188
262,65.94912528,3.9153
263,67.94758362,3.9162
264,69.94604196,3.9524
265,71.9445003,3.9895
266,73.94295865,4.0756
267,75.94141699,4.0967
268,77.93987533,4.1756
269,79.93833367,4.3037
270,81.93679201,4.3339
271,83.93525035,4.3774
272,85.9337087,4.3244
273,87.93216704,4.1476
274,89.93062538,3.9239
275,91.92908372,3.7015
276,93.92754207,3.6265
277,95.92600041,3.5052
278,97.92445875,3.2322
279,99.92291709,2.8866
280,101.9213754,2.5565
281,103.9198338,2.2791
282,105.9182921,1.9314
283,107.9167505,1.5872
284,109.9152088,1.3574
285,111.9136671,1.0655
286,113.9121255,0.8203
287,115.9105838,0.5847
288,117.9090422,0.3023
289,119.9075005,0.2097
290,121.9059589,0.11
291,123.9044172,0.0796
292,125.9028755,0.0525
293,127.9013339,0.0562
294,129.8997922,0.0765
295,131.8982506,0.0333
296,133.8967089,-0.0015
297,135.8951672,-0.0467
298,137.8936256,-0.0704
299,139.8920839,-0.1016
300,141.8905423,-0.1713
301,143.8890006,-0.2023
302,145.887459,-0.248
303,147.8859173,-0.2698
304,149.8843756,-0.2492
305,0,7.4473
306,1.998458339,7.5859
307,3.996916683,7.5423
308,5.995375026,6.5815
309,7.993833365,3.8718
310,9.992291707,3.6152
311,11.99075005,3.6065
312,13.98920839,3.5662
313,15.98766674,3.534
314,17.98612508,3.5568
315,19.98458342,3.8296
316,21.98304176,4.3668
317,23.9815001,4.607
318,25.97995844,4.9167
319,27.97841678,5.2118
320,29.97687513,5.5448
321,31.97533347,5.6691
322,33.97379181,5.3722
323,35.97225015,4.9974
324,37.9707085,4.6964
325,39.96916684,4.5654
326,41.96762518,4.501
327,43.96608352,4.4674
328,45.96454186,4.4106
329,47.9630002,4.3428
330,49.96145855,4.2865
331,51.95991689,4.2967
332,53.95837523,4.2803
333,55.95683357,4.3047
334,57.95529191,4.2604
335,59.95375025,4.235
336,61.9522086,4.2198
337,63.95066694,4.2093
338,65.94912528,4.1914
339,67.94758362,4.2147
340,69.94604196,4.1943
341,71.9445003,4.2175
342,73.94295865,4.2839
343,75.94141699,4.3646
344,77.93987533,4.3861
345,79.93833367,4.4452
346,81.93679202,4.4737
347,83.93525036,4.4756
348,85.9337087,4.446
349,87.93216704,4.1733
350,89.93062538,3.8852
351,91.92908372,3.7189
352,93.92754207,3.6201
353,95.92600041,3.5138
354,97.92445875,3.2584
355,99.92291709,2.8505
356,101.9213754,2.484
357,103.9198338,2.1094
358,105.9182921,1.7604
359,107.9167505,1.525
360,109.9152088,1.2485
361,111.9136671,0.9374
362,113.9121255,0.6783
363,115.9105838,0.3961
364,117.9090422,0.1279
365,119.9075005,-0.0455
366,121.9059589,-0.086
367,123.9044172,-0.0397
368,125.9028755,-0.0579
369,127.9013339,-0.0232
370,129.8997922,-0.0138
371,131.8982506,-0.0099
372,133.8967089,0.012
373,135.8951672,-0.0038
374,137.8936256,-0.0318
375,139.8920839,-0.0578
376,141.8905423,-0.0733
377,143.8890006,-0.0931
378,145.887459,-0.1527
379,147.8859173,-0.1862
380,149.8843756,-0.2024
381,0,3.6839
382,1.998458338,3.7672
383,3.99691668,4.1156
384,5.995375024,4.1867
385,7.993833364,3.9828
386,9.992291706,4.0368
387,11.99075005,4.3749
388,13.98920839,4.481
389,15.98766673,4.4624
390,17.98612507,4.8831
391,19.98458342,5.8911
392,21.98304176,5.5894
393,23.9815001,4.9331
394,25.97995844,5.1662
395,27.97841678,5.2124
396,29.97687512,5.3178
397,31.97533347,5.4237
398,33.97379181,5.5002
399,35.97225015,5.5213
400,37.97070849,5.4162
401,39.96916684,5.232
402,41.96762518,5.0761
403,43.96608352,4.9313
404,45.96454186,4.8211
405,47.9630002,4.726
406,49.96145854,4.6385
407,51.95991689,4.577
408,53.95837523,4.5406
409,55.95683357,4.5293
410,57.95529191,4.4834
411,59.95375025,4.4972
412,61.95220859,4.4989
413,63.95066694,4.5479
414,65.94912528,4.4028
415,67.94758362,4.3825
416,69.94604196,4.3714
417,71.9445003,4.3679
418,73.94295865,4.3572
419,75.94141699,4.393
420,77.93987533,4.4105
421,79.93833367,4.395
422,81.93679201,4.4195
423,83.93525035,4.4558
424,85.9337087,4.5126
425,87.93216704,4.5407
426,89.93062538,4.5709
427,91.92908372,4.559
428,93.92754207,4.3716
429,95.92600041,4.0018
430,97.92445875,3.7378
431,99.92291709,3.5528
432,101.9213754,3.3947
433,103.9198338,3.1265
434,105.9182921,2.7928
435,107.9167505,2.4784
436,109.9152088,2.1653
437,111.9136671,1.8728
438,113.9121255,1.5869
439,115.9105838,1.2923
440,117.9090422,1.002
441,119.9075005,0.7964
442,121.9059588,0.5232
443,123.9044172,0.2102
444,125.9028755,0.1301
445,127.9013339,0.2529
446,129.8997922,0.3163
447,131.8982506,0.321
448,133.8967089,0.3246
449,135.8951672,0.3025
450,137.8936256,0.2022
451,139.8920839,0.1418
452,141.8905423,0.0798
453,143.8890006,0.0168
454,145.887459,-0.0316
455,147.8859173,-0.0742
456,149.8843756,-0.1368
457,0,13.302
458,1.998458345,13.4604
459,3.996916686,10.8243
460,5.995375024,5.5687
461,7.993833369,4.5969
462,9.992291711,4.7054
463,11.99075005,4.6896
464,13.98920839,4.7923
465,15.98766674,4.896
466,17.98612508,5.1475
467,19.98458342,5.2403
468,21.98304176,5.0467
469,23.9815001,5.0267
470,25.97995844,4.9833
471,27.97841679,4.6483
472,29.97687513,4.5577
473,31.97533347,4.5267
474,33.97379181,4.4706
475,35.97225016,4.4221
476,37.9707085,4.3768
477,39.96916684,4.3467
478,41.96762518,4.3278
479,43.96608352,4.32
480,45.96454186,4.2952
481,47.96300021,4.2743
482,49.96145855,4.2514
483,51.95991689,4.2404
484,53.95837523,4.2219
485,55.95683357,4.1957
486,57.95529192,4.1939
487,59.95375026,4.196
488,61.9522086,4.1909
489,63.95066694,4.1706
490,65.94912528,4.1726
491,67.94758362,4.184
492,69.94604197,4.1896
493,71.94450031,4.2146
494,73.94295865,4.2648
495,75.94141699,4.2965
496,77.93987533,4.3348
497,79.93833367,4.3956
498,81.93679202,4.4729
499,83.93525036,4.5488
500,85.9337087,4.5579
501,87.93216704,4.6126
502,89.93062538,4.5261
503,91.92908373,4.1094
504,93.92754207,3.7929
505,95.92600041,3.5613
506,97.92445875,3.3799
507,99.92291709,3.1283
508,101.9213754,2.823
509,103.9198338,2.5211
510,105.9182921,2.2138
511,107.9167505,1.9086
512,109.9152088,1.6047
513,111.9136671,1.346
514,113.9121255,1.1201
515,115.9105838,0.9023
516,117.9090422,0.6239
517,119.9075005,0.3242
518,121.9059589,0.1569
519,123.9044172,0.2121
520,125.9028755,0.2642
521,127.9013339,0.3068
522,129.8997922,0.2674
523,131.8982506,0.2097
524,133.8967089,0.1613
525,135.8951672,0.071
526,137.8936256,-0.0018
527,139.8920839,-0.0616
528,141.8905423,-0.1389
529,143.8890006,-0.1953
530,145.887459,-0.244
531,147.8859173,-0.2473
532,149.8843756,-0.2337
533,0,4.3978
534,1.99845834,4.8309
535,3.996916684,4.8814
536,5.995375026,5.006
537,7.993833366,5.05
538,9.992291708,4.7957
539,11.99075005,4.6879
540,13.98920839,4.6823
541,15.98766673,4.6415
542,17.98612508,4.6054
543,19.98458342,4.5625
544,21.98304176,4.566
545,23.9815001,4.5607
546,25.97995844,4.5209
547,27.97841678,4.4998
548,29.97687513,4.4405
549,31.97533347,4.4312
550,33.97379181,4.3786
551,35.97225015,4.3246
552,37.9707085,4.2463
553,39.96916684,4.2026
554,41.96762517,4.1815
555,43.96608352,4.1672
556,45.96454186,4.141
557,47.9630002,4.1102
558,49.96145854,4.0962
559,51.95991689,4.0954
560,53.95837523,4.089
561,55.95683357,4.0852
562,57.95529191,4.0918
563,59.95375026,4.0665
564,61.95220859,4.0545
565,63.95066694,4.0676
566,65.94912528,4.1028
567,67.94758363,4.1214
568,69.94604196,4.1363
569,71.94450031,4.1887
570,73.94295865,4.2567
571,75.94141699,4.3192
572,77.93987533,4.3855
573,79.93833367,4.4527
574,81.93679201,4.4975
575,83.93525036,4.5664
576,85.9337087,4.6218
577,87.93216704,4.2703
578,89.93062538,3.7982
579,91.92908372,3.5847
580,93.92754207,3.2913
581,95.92600041,2.9512
582,97.92445875,2.5936
583,99.92291709,2.2715
584,101.9213754,1.969
585,103.9198338,1.6388
586,105.9182921,1.3546
587,107.9167505,1.1
588,109.9152088,0.8497
589,111.9136671,0.6123
590,113.9121255,0.3456
591,115.9105838,0.1696
592,117.9090422,0.1789
593,119.9075005,0.1865
594,121.9059588,0.1933
595,123.9044172,0.1873
596,125.9028755,0.1305
597,127.9013339,0.09
598,129.8997922,0.0457
599,131.8982506,-0.0203
600,133.8967089,-0.1026
601,135.8951672,-0.1872
602,137.8936256,-0.2395
603,139.8920839,-0.2647
604,141.8905423,-0.221
605,143.8890006,-0.122
606,145.887459,-0.2822
607,147.8859173,-0.3227
608,149.8843756,-0.3642
609,0,4.9189
610,1.99845834,4.8339
611,3.996916682,4.7644
612,5.995375024,4.7143
613,7.993833367,4.6825
614,9.992291709,4.6332
615,11.99075005,4.5971
616,13.98920839,4.5673
617,15.98766673,4.5174
618,17.98612507,4.4813
619,19.98458341,4.4341
620,21.98304176,4.3988
621,23.9815001,4.3539
622,25.97995844,4.334
623,27.97841678,4.3168
624,29.97687513,4.2987
625,31.97533347,4.2611
626,33.97379181,4.2507
627,35.97225015,4.2373
628,37.9707085,4.1877
629,39.96916683,4.1677
630,41.96762518,4.1482
631,43.96608352,4.1281
632,45.96454186,4.1068
633,47.9630002,4.0924
634,49.96145854,4.0689
635,51.95991689,4.098
636,53.95837523,4.118
637,55.95683357,4.1537
638,57.95529191,4.1615
639,59.95375025,4.2207
640,61.95220859,4.2761
641,63.95066694,4.3748
642,65.94912528,4.4091
643,67.94758362,4.4887
644,69.94604196,4.5625
645,71.9445003,4.6067
646,73.94295865,4.6289
647,75.94141699,4.6232
648,77.93987533,4.5992
649,79.93833367,4.3843
650,81.93679202,3.878
651,83.93525036,3.3976
652,85.9337087,3.0095
653,87.93216704,2.6213
654,89.93062538,2.2251
655,91.92908372,1.9132
656,93.92754207,1.5906
657,95.92600041,1.2844
658,97.92445875,1.0344
659,99.92291709,0.7738
660,101.9213754,0.496
661,103.9198338,0.2454
662,105.9182921,0.0961
663,107.9167505,0.103
664,109.9152088,0.1545
665,111.9136671,0.1643
666,113.9121255,0.1698
667,115.9105838,0.0988
668,117.9090422,0.0585
669,119.9075005,-0.0182
670,121.9059589,-0.0962
671,123.9044172,-0.1426
672,125.9028755,-0.1528
673,127.9013339,-0.1811
674,129.8997922,-0.2161
675,131.8982506,-0.1654
676,133.8967089,-0.0778
677,135.8951672,-0.198
678,137.8936256,-0.2693
679,139.8920839,-0.2964
680,141.8905423,-0.3606
681,143.8890006,-0.2976
682,145.8874589,-0.2832
683,147.8859173,-0.2605
684,149.8843756,-0.2603
685,0,4.3377
686,1.998458344,4.3004
687,3.996916683,4.2784
688,5.995375027,4.2523
689,7.99383337,4.2227
690,9.99229171,4.2409
691,11.99075005,4.2269
692,13.9892084,4.2427
693,15.98766673,4.2411
694,17.98612508,4.2336
695,19.98458342,4.2228
696,21.98304176,4.203
697,23.9815001,4.191
698,25.97995844,4.1648
699,27.97841679,4.17
700,29.97687513,4.1583
701,31.97533347,4.1208
702,33.97379181,4.1148
703,35.97225015,4.0937
704,37.97070849,4.0921
705,39.96916684,4.094
706,41.96762518,4.0826
707,43.96608352,4.107
708,45.96454186,4.1056
709,47.96300021,4.1407
710,49.96145855,4.1684
711,51.95991689,4.1871
712,53.95837523,4.2092
713,55.95683357,4.256
714,57.95529192,4.3151
715,59.95375026,4.3798
716,61.9522086,4.4317
717,63.95066694,4.4751
718,65.94912528,4.5126
719,67.94758362,4.5794
720,69.94604197,4.5815
721,71.94450031,4.5525
722,73.94295865,4.5245
723,75.94141699,4.4525
724,77.93987533,4.2021
725,79.93833368,3.8612
726,81.93679202,3.3472
727,83.93525036,2.7189
728,85.9337087,2.3348
729,87.93216704,1.9455
730,89.93062538,1.6115
731,91.92908373,1.323
732,93.92754207,1.0391
733,95.92600041,0.7883
734,97.92445875,0.5539
735,99.9229171,0.368
736,101.9213754,0.2171
737,103.9198338,0.0771
738,105.9182921,0.0547
739,107.9167505,0.0332
740,109.9152088,0.02
741,111.9136671,-0.0088
742,113.9121255,-0.0374
743,115.9105838,-0.0715
744,117.9090422,-0.0926
745,119.9075005,-0.0962
746,121.9059589,-0.1251
747,123.9044172,-0.1375
748,125.9028755,-0.1478
749,127.9013339,-0.2058
750,129.8997922,-0.2563
751,131.8982506,-0.3334
752,133.8967089,-0.3098
753,135.8951672,-0.3636
754,137.8936256,-0.2583
755,139.8920839,-0.166
756,141.8905423,-0.1865
757,143.8890006,-0.2472
758,145.887459,-0.2301
759,147.8859173,-0.2976
760,149.8843756,-0.31
761,0,4.1779
762,1.998458338,4.1575
763,3.996916681,4.1472
764,5.995375023,4.1584
765,7.993833366,4.1386
766,9.992291709,4.1433
767,11.99075005,4.09
768,13.98920839,4.1029
769,15.98766673,4.1046
770,17.98612508,4.0912
771,19.98458342,4.0664
772,21.98304176,4.08
773,23.9815001,4.0971
774,25.97995844,4.1175
775,27.97841679,4.0885
776,29.97687512,4.0976
777,31.97533347,4.1347
778,33.97379181,4.1263
779,35.97225015,4.1292
780,37.97070849,4.172
781,39.96916683,4.2069
782,41.96762518,4.2697
783,43.96608352,4.2979
784,45.96454186,4.3418
785,47.9630002,4.38
786,49.96145854,4.4235
787,51.95991689,4.4027
788,53.95837523,4.4565
789,55.95683357,4.4645
790,57.95529191,4.4314
791,59.95375025,4.4056
792,61.9522086,4.414
793,63.95066694,4.4197
794,65.94912528,4.4036
795,67.94758362,4.4253
796,69.94604196,4.4572
797,71.94450031,4.4575
798,73.94295865,4.4374
799,75.94141699,4.4235
800,77.93987533,3.9847
801,79.93833367,3.1758
802,81.93679201,2.5664
803,83.93525036,2.1645
804,85.9337087,1.8817
805,87.93216704,1.5528
806,89.93062538,1.2446
807,91.92908372,0.9942
808,93.92754206,0.7377
809,95.92600041,0.4798
810,97.92445875,0.2783
811,99.92291709,0.2084
812,101.9213754,0.2418
813,103.9198338,0.2438
814,105.9182921,0.2264
815,107.9167505,0.2321
816,109.9152088,0.2748
817,111.9136671,0.2203
818,113.9121255,0.1754
819,115.9105838,0.1245
820,117.9090422,0.0782
821,119.9075005,0.0162
822,121.9059589,-0.0231
823,123.9044172,-0.0782
824,125.9028755,-0.1191
825,127.9013339,-0.1685
826,129.8997922,-0.1697
827,131.8982506,-0.1494
828,133.8967089,-0.2014
829,135.8951672,-0.2349
830,137.8936256,-0.3111
831,139.8920839,-0.3413
832,141.8905423,-0.3247
833,143.8890006,-0.3136
834,145.887459,-0.33
835,147.8859173,-0.3465
836,149.8843756,-0.375
837,0,5.1105
838,1.99845834,4.6084
839,3.996916682,4.4283
840,5.995375026,4.2904
841,7.993833367,4.1779
842,9.992291707,4.0858
843,11.99075005,4.0565
844,13.98920839,4.0502
845,15.98766673,4.0602
846,17.98612508,4.0293
847,19.98458342,4.014
848,21.98304176,3.9982
849,23.9815001,4.0476
850,25.97995844,4.093
851,27.97841679,4.0872
852,29.97687513,4.1035
853,31.97533347,4.0915
854,33.97379181,4.1235
855,35.97225015,4.1333
856,37.97070849,4.1743
857,39.96916684,4.1683
858,41.96762518,4.183
859,43.96608352,4.2191
860,45.96454186,4.2337
861,47.9630002,4.2631
862,49.96145855,4.3015
863,51.95991689,4.3392
864,53.95837523,4.3959
865,55.95683357,4.438
866,57.95529191,4.4727
867,59.95375026,4.5209
868,61.9522086,4.5076
869,63.95066694,4.5207
870,65.94912528,4.5398
871,67.94758362,4.5202
872,69.94604196,4.4851
873,71.94450031,4.463
874,73.94295865,4.4491
875,75.94141699,4.4583
876,77.93987533,4.4023
877,79.93833367,4.4092
878,81.93679202,4.4769
879,83.93525036,4.4208
880,85.9337087,4.0175
881,87.93216704,3.5311
882,89.93062538,2.9911
883,91.92908372,2.518
884,93.92754207,2.1125
885,95.92600041,1.762
886,97.92445875,1.5137
887,99.92291709,1.2407
888,101.9213754,1.0245
889,103.9198338,0.9124
890,105.9182921,0.7796
891,107.9167505,0.6336
892,109.9152088,0.5306
893,111.9136671,0.4869
894,113.9121255,0.4212
895,115.9105838,0.4293
896,117.9090422,0.3872
897,119.9075005,0.3449
898,121.9059589,0.2609
899,123.9044172,0.2757
900,125.9028755,0.2532
901,127.9013339,0.223
902,129.8997922,0.2039
903,131.8982506,0.1686
904,133.8967089,0.1199
905,135.8951672,0.0356
906,137.8936256,-0.014
907,139.8920839,-0.0605
908,141.8905423,-0.1554
909,143.8890006,-0.1722
910,145.887459,-0.1747
911,147.8859173,-0.2249
912,149.8843756,-0.2668
913,0,4.8879
914,1.998458342,5.1529
915,3.996916684,5.0795
916,5.995375027,4.7106
917,7.993833365,4.5143
918,9.992291709,4.3844
919,11.99075005,4.3246
920,13.98920839,4.2415
921,15.98766674,4.1977
922,17.98612508,4.1872
923,19.98458342,4.1689
924,21.98304176,4.1251
925,23.9815001,4.119
926,25.97995844,4.1413
927,27.97841679,4.0938
928,29.97687513,4.0626
929,31.97533347,4.0278
930,33.97379181,4.0322
931,35.97225015,3.9915
932,37.9707085,4.0068
933,39.96916684,4.0008
934,41.96762518,3.9994
935,43.96608352,4.0016
936,45.96454186,4.0082
937,47.96300021,4.0049
938,49.96145855,4.0024
939,51.95991689,4.0043
940,53.95837523,4.026
941,55.95683357,4.0876
942,57.95529191,4.093
943,59.95375026,4.1453
944,61.9522086,4.198
945,63.95066694,4.2604
946,65.94912528,4.3011
947,67.94758363,4.3215
948,69.94604196,4.3436
949,71.94450031,4.3351
950,73.94295865,4.3604
951,75.94141699,4.3463
952,77.93987533,4.3652
953,79.93833367,4.4062
954,81.93679202,4.4338
955,83.93525036,4.1379
956,85.9337087,3.7307
957,87.93216704,3.5504
958,89.93062538,3.4327
959,91.92908373,3.195
960,93.92754207,2.8554
961,95.92600041,2.4713
962,97.92445875,2.1101
963,99.92291709,1.8172
964,101.9213754,1.5507
965,103.9198338,1.2978
966,105.9182921,1.1198
967,107.9167505,0.9674
968,109.9152088,0.8176
969,111.9136671,0.6969
970,113.9121255,0.606
971,115.9105838,0.6042
972,117.9090422,0.66
973,119.9075005,0.6075
974,121.9059589,0.5681
975,123.9044172,0.4518
976,125.9028755,0.4076
977,127.9013339,0.3405
978,129.8997922,0.2893
979,131.8982506,0.2405
980,133.8967089,0.1958
981,135.8951672,0.1455
982,137.8936256,0.066
983,139.8920839,0.0071
984,141.8905423,-0.0393
985,143.8890006,-0.1342
986,145.887459,-0.2114
987,147.8859173,-0.23
988,149.8843756,-0.2367
989,0,4.274
990,1.998458342,4.3902
991,3.996916686,4.6484
992,5.995375027,4.8561
993,7.993833368,5.0343
994,9.992291711,5.2754
995,11.99075005,5.3716
996,13.98920839,5.3781
997,15.98766674,5.2846
998,17.98612508,4.8475
999,19.98458342,4.5276
1000,21.98304176,4.3819
1001,23.9815001,4.2588
1002,25.97995844,4.207
1003,27.97841679,4.2048
1004,29.97687513,4.1975
1005,31.97533347,4.2178
1006,33.97379181,4.22
1007,35.97225016,4.2123
1008,37.9707085,4.1806
1009,39.96916684,4.1981
1010,41.96762518,4.2057
1011,43.96608352,4.1959
1012,45.96454186,4.2017
1013,47.96300021,4.2186
1014,49.96145855,4.2078
1015,51.95991689,4.2125
1016,53.95837523,4.2129
1017,55.95683357,4.2378
1018,57.95529191,4.2627
1019,59.95375026,4.2799
1020,61.9522086,4.2978
1021,63.95066694,4.3232
1022,65.94912528,4.3361
1023,67.94758362,4.3274
1024,69.94604197,4.3805
1025,71.94450031,4.3675
1026,73.94295865,4.4131
1027,75.94141699,4.4167
1028,77.93987533,4.4434
1029,79.93833367,4.3773
1030,81.93679201,4.1776
1031,83.93525036,3.9204
1032,85.9337087,3.7107
1033,87.93216704,3.4766
1034,89.93062538,3.3408
1035,91.92908373,3.2342
1036,93.92754207,3.1367
1037,95.92600041,3.0417
1038,97.92445875,2.9025
1039,99.92291709,2.7324
1040,101.9213754,2.5852
1041,103.9198338,2.4239
1042,105.9182921,2.2483
1043,107.9167505,2.0508
1044,109.9152088,1.8475
1045,111.9136671,1.6087
1046,113.9121255,1.3927
1047,115.9105838,1.2
1048,117.9090422,0.9693
1049,119.9075005,0.7796
1050,121.9059589,0.6686
1051,123.9044172,0.5772
1052,125.9028755,0.5069
1053,127.9013339,0.3923
1054,129.8997922,0.3262
1055,131.8982506,0.2556
1056,133.8967089,0.1779
1057,135.8951672,0.0736
1058,137.8936256,0.0383
1059,139.8920839,-0.0362
1060,141.8905423,-0.0892
1061,143.8890006,-0.0992
1062,145.887459,-0.173
1063,147.8859173,-0.243
1064,149.8843756,-0.2449
1065,0,4.7569
1066,1.998458342,4.5273
1067,3.996916684,4.7023
1068,5.995375023,5.0942
1069,7.993833369,5.1387
1070,9.992291708,5.1381
1071,11.99075005,5.3149
1072,13.98920839,5.0136
1073,15.98766674,4.6489
1074,17.98612508,4.4745
1075,19.98458342,4.4149
1076,21.98304176,4.3904
1077,23.9815001,4.3742
1078,25.97995845,4.3668
1079,27.97841678,4.3434
1080,29.97687513,4.3013
1081,31.97533347,4.3015
1082,33.97379181,4.3208
1083,35.97225015,4.3436
1084,37.97070849,4.3419
1085,39.96916684,4.347
1086,41.96762518,4.4386
1087,43.96608352,4.4992
1088,45.96454186,4.424
1089,47.9630002,4.4194
1090,49.96145855,4.4482
1091,51.95991689,4.4474
1092,53.95837523,4.4565
1093,55.95683357,4.4986
1094,57.95529191,4.4674
1095,59.95375025,4.4752
1096,61.9522086,4.5275
1097,63.95066694,4.5346
1098,65.94912528,4.5322
1099,67.94758362,4.4772
1100,69.94604196,4.3261
1101,71.9445003,4.155
1102,73.94295865,3.9554
1103,75.94141699,3.8596
1104,77.93987533,3.822
1105,79.93833367,3.7746
1106,81.93679202,3.7032
1107,83.93525036,3.5693
1108,85.9337087,3.3673
1109,87.93216704,3.2881
1110,89.93062538,3.1757
1111,91.92908372,3.0957
1112,93.92754207,2.9847
1113,95.92600041,2.8234
1114,97.92445875,2.6935
1115,99.92291709,2.5179
1116,101.9213754,2.3598
1117,103.9198338,2.1406
1118,105.9182921,1.8944
1119,107.9167505,1.671
1120,109.9152088,1.4218
1121,111.9136671,1.1546
1122,113.9121255,0.8273
1123,115.9105838,0.6837
1124,117.9090422,0.5028
1125,119.9075005,0.3709
1126,121.9059589,0.2582
1127,123.9044172,0.1415
1128,125.9028755,0.0417
1129,127.9013339,-0.0435
1130,129.8997922,-0.1538
1131,131.8982506,-0.2313
1132,133.8967089,-0.2845
1133,135.8951672,-0.3318
1134,137.8936256,-0.3185
1135,139.8920839,-0.2373
1136,141.8905423,-0.1506
1137,143.8890006,-0.2572
1138,145.887459,-0.2956
1139,147.8859173,-0.2668
1140,149.8843756,-0.2708
1141,0,4.6163
1142,1.998458344,4.6262
1143,3.996916683,4.8444
1144,5.995375028,5.0047
1145,7.993833368,5.0128
1146,9.992291711,4.7956
1147,11.99075005,4.6302
1148,13.9892084,4.5305
1149,15.98766674,4.5068
1150,17.98612508,4.4733
1151,19.98458342,4.4901
1152,21.98304176,4.4693
1153,23.9815001,4.4854
1154,25.97995845,4.4793
1155,27.97841679,4.5149
1156,29.97687513,4.4891
1157,31.97533347,4.4913
1158,33.97379181,4.5104
1159,35.97225015,4.5221
1160,37.9707085,4.473
1161,39.96916684,4.502
1162,41.96762518,4.5035
1163,43.96608352,4.5151
1164,45.96454186,4.5292
1165,47.96300021,4.5134
1166,49.96145855,4.4955
1167,51.95991689,4.4965
1168,53.95837523,4.5484
1169,55.95683357,4.6051
1170,57.95529191,4.6351
1171,59.95375026,4.6761
1172,61.9522086,4.6992
1173,63.95066694,4.6628
1174,65.94912528,4.5421
1175,67.94758362,4.3979
1176,69.94604197,4.1909
1177,71.94450031,4.0268
1178,73.94295865,3.9834
1179,75.94141699,3.9117
1180,77.93987533,3.8421
1181,79.93833368,3.7274
1182,81.93679202,3.6298
1183,83.93525036,3.5992
1184,85.9337087,3.5816
1185,87.93216704,3.5524
1186,89.93062539,3.4219
1187,91.92908373,3.172
1188,93.92754207,2.8638
1189,95.92600041,2.6461
1190,97.92445875,2.2924
1191,99.92291709,1.972
1192,101.9213754,1.7163
1193,103.9198338,1.4031
1194,105.9182921,1.0945
1195,107.9167505,0.8431
1196,109.9152088,0.6673
1197,111.9136671,0.505
1198,113.9121255,0.326
1199,115.9105838,0.1768
1200,117.9090422,0.051
1201,119.9075005,-0.1276
1202,121.9059589,-0.2232
1203,123.9044172,-0.2844
1204,125.9028755,-0.3125
1205,127.9013339,-0.3415
1206,129.8997922,-0.3866
1207,131.8982506,-0.3408
1208,133.8967089,-0.3184
1209,135.8951673,-0.2624
1210,137.8936256,-0.2428
1211,139.8920839,-0.2704
1212,141.8905423,-0.2164
1213,143.8890006,-0.202
1214,145.887459,-0.2596
1215,147.8859173,-0.2029
1216,149.8843756,-0.2307
1217,0,4.9379
1218,1.998458342,5.0127
1219,3.996916681,4.9339
1220,5.995375022,4.865
1221,7.993833367,4.7617
1222,9.992291707,4.5987
1223,11.99075005,4.4905
1224,13.98920839,4.4373
1225,15.98766673,4.3565
1226,17.98612507,4.2774
1227,19.98458342,4.253
1228,21.98304176,4.2529
1229,23.9815001,4.2595
1230,25.97995844,4.2787
1231,27.97841678,4.3066
1232,29.97687513,4.3327
1233,31.97533347,4.3789
1234,33.97379181,4.4026
1235,35.97225015,4.4408
1236,37.97070849,4.4776
1237,39.96916684,4.4638
1238,41.96762518,4.4501
1239,43.96608352,4.4884
1240,45.96454186,4.4952
1241,47.9630002,4.4577
1242,49.96145855,4.4547
1243,51.95991689,4.4842
1244,53.95837523,4.5201
1245,55.95683357,4.6047
1246,57.95529191,4.6631
1247,59.95375025,4.6934
1248,61.9522086,4.7414
1249,63.95066694,4.7781
1250,65.94912528,4.779
1251,67.94758362,4.6663
1252,69.94604196,4.5678
1253,71.9445003,4.4779
1254,73.94295865,4.2967
1255,75.94141699,4.1036
1256,77.93987533,3.9475
1257,79.93833367,3.7659
1258,81.93679201,3.6477
1259,83.93525036,3.4411
1260,85.9337087,3.2365
1261,87.93216704,3.0349
1262,89.93062538,2.8226
1263,91.92908372,2.66
1264,93.92754207,2.4598
1265,95.92600041,2.29
1266,97.92445875,2.1112
1267,99.92291709,1.9301
1268,101.9213754,1.6706
1269,103.9198338,1.3685
1270,105.9182921,1.0385
1271,107.9167505,0.8581
1272,109.9152088,0.6149
1273,111.9136671,0.398
1274,113.9121255,0.1858
1275,115.9105838,0.0685
1276,117.9090422,-0.0688
1277,119.9075005,-0.1857
1278,121.9059589,-0.2079
1279,123.9044172,-0.2859
1280,125.9028755,-0.2836
1281,127.9013339,-0.2656
1282,129.8997922,-0.3092
1283,131.8982506,-0.2
1284,133.8967089,-0.2686
1285,135.8951672,-0.2676
1286,137.8936256,-0.2361
1287,139.8920839,-0.2718
1288,141.8905423,-0.2714
1289,143.8890006,-0.2511
1290,145.887459,-0.2314
1291,147.8859173,-0.2459
1292,149.8843756,-0.2293
1293,0,4.8517
1294,1.998458341,4.7656
1295,3.996916684,4.9579
1296,5.995375023,4.8758
1297,7.993833368,4.6591
1298,9.992291711,4.5273
1299,11.99075005,4.4836
1300,13.98920839,4.4275
1301,15.98766674,4.406
1302,17.98612508,4.4386
1303,19.98458342,4.4543
1304,21.98304176,4.4452
1305,23.9815001,4.4406
1306,25.97995844,4.4506
1307,27.97841679,4.4384
1308,29.97687513,4.4562
1309,31.97533347,4.4737
1310,33.97379181,4.4589
1311,35.97225015,4.4713
1312,37.9707085,4.4833
1313,39.96916684,4.5132
1314,41.96762518,4.5138
1315,43.96608352,4.534
1316,45.96454186,4.5435
1317,47.9630002,4.5132
1318,49.96145855,4.5267
1319,51.95991689,4.5371
1320,53.95837523,4.5411
1321,55.95683357,4.56
1322,57.95529191,4.5643
1323,59.95375026,4.6071
1324,61.9522086,4.6257
1325,63.95066694,4.6866
1326,65.94912528,4.7491
1327,67.94758363,4.7931
1328,69.94604197,4.8348
1329,71.94450031,4.8478
1330,73.94295865,4.7901
1331,75.94141699,4.6532
1332,77.93987533,4.4468
1333,79.93833368,4.1752
1334,81.93679202,3.9597
1335,83.93525036,3.7917
1336,85.9337087,3.637
1337,87.93216704,3.4773
1338,89.93062538,3.2084
1339,91.92908373,2.947
1340,93.92754207,2.7281
1341,95.92600041,2.5259
1342,97.92445875,2.3406
1343,99.92291709,2.0686
1344,101.9213754,1.8149
1345,103.9198338,1.5931
1346,105.9182921,1.3478
1347,107.9167505,1.0825
1348,109.9152088,0.8121
1349,111.9136671,0.5245
1350,113.9121255,0.3308
1351,115.9105838,0.0777
1352,117.9090422,-0.1243
1353,119.9075005,-0.2057
1354,121.9059589,-0.2727
1355,123.9044172,-0.293
1356,125.9028755,-0.3098
1357,127.9013339,-0.2722
1358,129.8997922,-0.2567
1359,131.8982506,-0.2115
1360,133.8967089,-0.171
1361,135.8951672,-0.1624
1362,137.8936256,-0.171
1363,139.8920839,-0.1997
1364,141.8905423,-0.1418
1365,143.8890006,-0.1706
1366,145.887459,-0.1775
1367,147.8859173,-0.1553
1368,149.8843756,-0.1804
1369,0,4.7383
1370,1.998458343,4.7318
1371,3.996916683,4.4956
1372,5.995375023,4.2768
1373,7.993833367,4.0996
1374,9.992291712,4.074
1375,11.99075005,4.0702
1376,13.98920839,4.0843
1377,15.98766674,4.0786
1378,17.98612508,4.0788
1379,19.98458342,4.0614
1380,21.98304176,4.1112
1381,23.9815001,4.1513
1382,25.97995844,4.1582
1383,27.97841678,4.2019
1384,29.97687513,4.1791
1385,31.97533347,4.2013
1386,33.97379181,4.2242
1387,35.97225015,4.2061
1388,37.9707085,4.1912
1389,39.96916684,4.2327
1390,41.96762518,4.2796
1391,43.96608352,4.2868
1392,45.96454186,4.2859
1393,47.96300021,4.323
1394,49.96145855,4.3291
1395,51.95991689,4.344
1396,53.95837523,4.4405
1397,55.95683357,4.4924
1398,57.95529191,4.5023
1399,59.95375026,4.5227
1400,61.9522086,4.5605
1401,63.95066694,4.5841
1402,65.94912528,4.6478
1403,67.94758362,4.6981
1404,69.94604196,4.7482
1405,71.94450031,4.7762
1406,73.94295865,4.8216
1407,75.94141699,4.8902
1408,77.93987534,4.9098
1409,79.93833367,4.951
1410,81.93679202,4.9357
1411,83.93525036,4.8031
1412,85.9337087,4.3877
1413,87.93216704,4.1166
1414,89.93062538,3.7835
1415,91.92908373,3.4401
1416,93.92754207,3.138
1417,95.92600041,2.7664
1418,97.92445875,2.4466
1419,99.92291709,2.1317
1420,101.9213754,1.8806
1421,103.9198338,1.6365
1422,105.9182921,1.3344
1423,107.9167505,1.1063
1424,109.9152088,0.8437
1425,111.9136671,0.5776
1426,113.9121255,0.3523
1427,115.9105838,0.0809
1428,117.9090422,-0.1284
1429,119.9075005,-0.2508
1430,121.9059589,-0.3675
1431,123.9044172,-0.3223
1432,125.9028755,-0.2428
1433,127.9013339,-0.2202
1434,129.8997922,-0.2054
1435,131.8982506,-0.2022
1436,133.8967089,-0.1938
1437,135.8951672,-0.2147
1438,137.8936256,-0.2454
1439,139.8920839,-0.2616
1440,141.8905423,-0.2157
1441,143.8890006,-0.2542
1442,145.887459,-0.2073
1443,147.8859173,-0.1263
1444,149.8843756,-0.2399
1445,0,4.3434
1446,1.99845834,4.3364
1447,3.996916682,4.31
1448,5.995375025,4.2282
1449,7.993833365,4.172
1450,9.992291711,4.0806
1451,11.99075005,4.0145
1452,13.98920839,3.9885
1453,15.98766674,4.0071
1454,17.98612508,3.9832
1455,19.98458342,3.9317
1456,21.98304176,3.9774
1457,23.9815001,4.0003
1458,25.97995844,4.0144
1459,27.97841679,4.0484
1460,29.97687513,4.0613
1461,31.97533347,4.1045
1462,33.97379181,4.1105
1463,35.97225015,4.119
1464,37.9707085,4.1187
1465,39.96916684,4.1623
1466,41.96762518,4.204
1467,43.96608352,4.2203
1468,45.96454186,4.2484
1469,47.96300021,4.3151
1470,49.96145855,4.375
1471,51.95991689,4.4228
1472,53.95837523,4.4273
1473,55.95683357,4.4799
1474,57.95529191,4.494
1475,59.95375026,4.5262
1476,61.9522086,4.632
1477,63.95066694,4.8871
1478,65.94912528,5.4119
1479,67.94758362,5.1527
1480,69.94604196,4.7515
1481,71.94450031,4.7427
1482,73.94295865,4.7915
1483,75.94141699,4.8269
1484,77.93987533,4.8915
1485,79.93833368,4.9486
1486,81.93679202,4.9618
1487,83.93525036,5.0154
1488,85.9337087,4.9464
1489,87.93216704,4.6803
1490,89.93062539,4.1525
1491,91.92908373,3.6703
1492,93.92754207,3.1956
1493,95.92600041,2.8726
1494,97.92445875,2.4201
1495,99.92291709,2.1106
1496,101.9213754,1.8971
1497,103.9198338,1.5447
1498,105.9182921,1.2508
1499,107.9167505,0.9405
1500,109.9152088,0.6534
1501,111.9136671,0.4538
1502,113.9121255,0.1969
1503,115.9105838,-0.0842
1504,117.9090422,-0.2083
1505,119.9075005,-0.1925
1506,121.9059589,-0.1739
1507,123.9044172,-0.1804
1508,125.9028755,-0.1306
1509,127.9013339,-0.1803
1510,129.8997922,-0.3208
1511,131.8982506,-0.3176
1512,133.8967089,-0.3282
1513,135.8951673,-0.2935
1514,137.8936256,-0.3705
1515,139.8920839,-0.385
1516,141.8905423,-0.3486
1517,143.8890006,-0.3962
1518,145.887459,-0.2638
1519,147.8859173,-0.2076
1520,149.8843756,-0.2013
1521,0,4.2274
1522,1.998458342,4.191
1523,3.996916684,4.1373
1524,5.995375026,4.0814
1525,7.993833368,4.0578
1526,9.99229171,4.0417
1527,11.99075005,4.0297
1528,13.98920839,4.0383
1529,15.98766674,4.0342
1530,17.98612508,4.0436
1531,19.98458342,4.0811
1532,21.98304176,4.0955
1533,23.98150011,4.1328
1534,25.97995845,4.1668
1535,27.97841679,4.1756
1536,29.97687513,4.2147
1537,31.97533347,4.2409
1538,33.97379181,4.2767
1539,35.97225015,4.3113
1540,37.9707085,4.3361
1541,39.96916684,4.3398
1542,41.96762518,4.3228
1543,43.96608352,4.3559
1544,45.96454186,4.4116
1545,47.96300021,4.5091
1546,49.96145855,4.5576
1547,51.95991689,4.5736
1548,53.95837523,4.5253
1549,55.95683357,4.4942
1550,57.95529192,4.4425
1551,59.95375026,4.3662
1552,61.9522086,4.379
1553,63.95066694,4.7211
1554,65.94912528,5.325
1555,67.94758362,5.2091
1556,69.94604197,4.8499
1557,71.94450031,4.7766
1558,73.94295865,4.8167
1559,75.94141699,4.837
1560,77.93987533,4.8721
1561,79.93833368,4.9134
1562,81.93679202,4.9476
1563,83.93525036,4.8921
1564,85.9337087,4.5491
1565,87.93216704,4.0322
1566,89.93062539,3.4321
1567,91.92908372,2.9448
1568,93.92754207,2.5932
1569,95.92600041,2.2795
1570,97.92445876,1.9489
1571,99.9229171,1.6796
1572,101.9213754,1.3682
1573,103.9198338,1.0961
1574,105.9182921,0.7984
1575,107.9167505,0.5032
1576,109.9152088,0.2553
1577,111.9136671,0.0363
1578,113.9121255,-0.1919
1579,115.9105838,-0.2772
1580,117.9090422,-0.2396
1581,119.9075005,-0.1889
1582,121.9059589,-0.2434
1583,123.9044172,-0.2814
1584,125.9028755,-0.2684
1585,127.9013339,-0.237
1586,129.8997922,-0.2347
1587,131.8982506,-0.3083
1588,133.8967089,-0.2968
1589,135.8951672,-0.2615
1590,137.8936256,-0.3382
1591,139.8920839,-0.313
1592,141.8905423,-0.2815
1593,143.8890006,-0.2529
1594,145.887459,-0.24
1595,147.8859173,-0.2677
1596,149.8843756,-0.2731
1597,0,3.8667
1598,1.998458341,3.7883
1599,3.996916683,3.7457
1600,5.995375027,3.75
1601,7.993833366,3.7734
1602,9.992291709,3.7895
1603,11.99075005,3.8292
1604,13.98920839,3.8681
1605,15.98766673,3.8978
1606,17.98612508,3.9779
1607,19.98458342,4.0121
1608,21.98304176,4.0848
1609,23.9815001,4.1161
1610,25.97995845,4.1259
1611,27.97841679,4.1518
1612,29.97687513,4.2067
1613,31.97533347,4.2462
1614,33.97379181,4.2706
1615,35.97225016,4.278
1616,37.9707085,4.2863
1617,39.96916684,4.2854
1618,41.96762518,4.2777
1619,43.96608352,4.3212
1620,45.96454186,4.3435
1621,47.96300021,4.3542
1622,49.96145855,4.3864
1623,51.95991689,4.3864
1624,53.95837523,4.332
1625,55.95683357,4.344
1626,57.95529191,4.7307
1627,59.95375026,5.2236
1628,61.9522086,4.9849
1629,63.95066694,4.7883
1630,65.94912528,4.7736
1631,67.94758362,4.7775
1632,69.94604197,4.7708
1633,71.94450031,4.7463
1634,73.94295865,4.7248
1635,75.94141699,4.6967
1636,77.93987533,4.6395
1637,79.93833368,4.555
1638,81.93679202,4.3185
1639,83.93525036,3.8964
1640,85.9337087,3.3989
1641,87.93216704,2.8622
1642,89.93062539,2.5731
1643,91.92908372,2.1943
1644,93.92754207,1.8605
1645,95.92600041,1.554
1646,97.92445875,1.2695
1647,99.9229171,0.9082
1648,101.9213754,0.6722
1649,103.9198338,0.4899
1650,105.9182921,0.2995
1651,107.9167505,0.099
1652,109.9152088,-0.0387
1653,111.9136671,-0.1326
1654,113.9121255,-0.2246
1655,115.9105838,-0.3082
1656,117.9090422,-0.3044
1657,119.9075005,-0.2509
1658,121.9059589,-0.1709
1659,123.9044172,-0.1505
1660,125.9028755,-0.2185
1661,127.9013339,-0.2397
1662,129.8997922,-0.2374
1663,131.8982506,-0.2178
1664,133.8967089,-0.2478
1665,135.8951672,-0.2535
1666,137.8936256,-0.2666
1667,139.8920839,-0.2393
1668,141.8905423,-0.1498
1669,143.8890006,-0.131
1670,145.887459,-0.1923
1671,147.8859173,-0.181
1672,149.8843756,-0.1279
1673,0,7.0738
1674,1.998458344,4.7351
1675,3.996916685,4.1473
1676,5.995375027,4.4235
1677,7.993833371,4.5168
1678,9.99229171,4.6693
1679,11.99075005,4.7227
1680,13.98920839,4.6758
1681,15.98766673,4.3969
1682,17.98612508,4.24
1683,19.98458342,4.1182
1684,21.98304176,4.0774
1685,23.9815001,4.1878
1686,25.97995845,4.2842
1687,27.97841679,4.0758
1688,29.97687513,4.0523
1689,31.97533347,4.0942
1690,33.97379181,4.2849
1691,35.97225015,4.5184
1692,37.9707085,4.2709
1693,39.96916684,4.3311
1694,41.96762518,4.3531
1695,43.96608352,4.3734
1696,45.96454186,4.4084
1697,47.96300021,4.3859
1698,49.96145855,4.3829
1699,51.95991689,4.2855
1700,53.95837523,4.1586
1701,55.95683357,4.0785
1702,57.95529192,4.0261
1703,59.95375026,4.0013
1704,61.9522086,4.0959
1705,63.95066694,4.6447
1706,65.94912528,5.3077
1707,67.94758362,4.9347
1708,69.94604197,4.633
1709,71.94450031,4.6011
1710,73.94295865,4.5789
1711,75.94141699,4.6178
1712,77.93987533,4.6432
1713,79.93833368,4.6716
1714,81.93679202,4.6825
1715,83.93525036,4.6686
1716,85.9337087,4.6736
1717,87.93216704,4.5824
1718,89.93062539,4.5451
1719,91.92908373,4.5047
1720,93.92754207,4.3983
1721,95.92600041,3.9973
1722,97.92445875,3.3095
1723,99.9229171,2.7433
1724,101.9213754,2.3881
1725,103.9198338,2.0617
1726,105.9182921,1.7706
1727,107.9167505,1.4683
1728,109.9152088,1.175
1729,111.9136671,0.931
1730,113.9121255,0.6964
1731,115.9105838,0.4642
1732,117.9090422,0.2129
1733,119.9075005,-0.0267
1734,121.9059589,-0.1897
1735,123.9044172,-0.1961
1736,125.9028755,-0.1768
1737,127.9013339,-0.1772
1738,129.8997922,-0.1832
1739,131.8982506,-0.1669
1740,133.8967089,-0.1141
1741,135.8951673,-0.1247
1742,137.8936256,-0.1622
1743,139.8920839,-0.1228
1744,141.8905423,-0.1598
1745,143.8890006,-0.1906
1746,145.887459,-0.2209
1747,147.8859173,-0.2022
1748,149.8843756,-0.2386
1749,0,3.7258
1750,1.998458343,3.6612
1751,3.996916683,5.8017
1752,5.995375026,11.1292
1753,7.993833367,12.2639
1754,9.992291706,13.1102
1755,11.99075005,12.1478
1756,13.98920839,12.0843
1757,15.98766673,11.5522
1758,17.98612508,12.0695
1759,19.98458342,8.8915
1760,21.98304176,5.5927
1761,23.9815001,4.177
1762,25.97995844,4.254
1763,27.97841679,4.3119
1764,29.97687513,4.3648
1765,31.97533347,4.4718
1766,33.97379181,4.384
1767,35.97225016,4.3126
1768,37.9707085,4.2851
1769,39.96916684,4.2803
1770,41.96762518,4.2916
1771,43.96608352,4.3666
1772,45.96454186,4.3701
1773,47.96300021,4.4125
1774,49.96145855,4.4408
1775,51.95991689,4.4395
1776,53.95837523,4.4401
1777,55.95683357,4.4352
1778,57.95529191,4.4024
1779,59.95375026,4.3259
1780,61.9522086,4.2801
1781,63.95066694,4.1842
1782,65.94912528,4.0007
1783,67.94758362,3.9019
1784,69.94604196,3.8386
1785,71.94450031,3.7682
1786,73.94295865,3.7696
1787,75.94141699,4.352
1788,77.93987534,4.7811
1789,79.93833368,4.3785
1790,81.93679202,4.1445
1791,83.93525036,4.16
1792,85.9337087,4.2138
1793,87.93216704,4.3204
1794,89.93062539,4.3899
1795,91.92908373,4.4642
1796,93.92754207,4.5515
1797,95.92600041,4.579
1798,97.92445875,4.542
1799,99.92291709,4.4468
1800,101.9213754,4.3502
1801,103.9198338,4.3329
1802,105.9182921,4.3435
1803,107.9167505,4.3187
1804,109.9152088,4.046
1805,111.9136671,3.4339
1806,113.9121255,2.8269
1807,115.9105838,2.3886
1808,117.9090422,2.0337
1809,119.9075005,1.7608
1810,121.9059589,1.4278
1811,123.9044172,1.1158
1812,125.9028755,0.8615
1813,127.9013339,0.6592
1814,129.8997922,0.4577
1815,131.8982506,0.3273
1816,133.8967089,0.1836
1817,135.8951672,0.0782
1818,137.8936256,-0.0139
1819,139.8920839,-0.1353
1820,141.8905423,-0.17
1821,143.8890006,-0.1959
1822,145.887459,-0.2884
1823,147.8859173,-0.2823
1824,149.8843756,-0.2714
1825,0,14.6217
1826,1.998458342,14.4489
1827,3.996916683,14.1578
1828,5.995375026,10.9088
1829,7.993833369,4.9654
1830,9.992291711,3.7571
1831,11.99075005,5.1175
1832,13.9892084,9.1662
1833,15.98766673,10.7389
1834,17.98612508,11.8965
1835,19.98458342,11.8513
1836,21.98304176,11.8764
1837,23.9815001,13.4915
1838,25.97995845,11.8122
1839,27.97841679,8.013
1840,29.97687513,5.2277
1841,31.97533347,4.0627
1842,33.97379181,4.2152
1843,35.97225016,4.163
1844,37.97070849,4.1791
1845,39.96916684,4.2545
1846,41.96762518,4.3082
1847,43.96608352,4.3576
1848,45.96454186,4.4117
1849,47.96300021,4.4618
1850,49.96145855,4.4975
1851,51.95991689,4.5282
1852,53.95837523,4.5633
1853,55.95683358,4.5776
1854,57.95529191,4.5577
1855,59.95375026,4.502
1856,61.9522086,4.4249
1857,63.95066694,4.2965
1858,65.94912528,4.1973
1859,67.94758363,4.0599
1860,69.94604197,3.9733
1861,71.94450031,4.1783
1862,73.94295865,4.8094
1863,75.94141699,4.8838
1864,77.93987533,4.3268
1865,79.93833368,4.2113
1866,81.93679202,4.1992
1867,83.93525036,4.2115
1868,85.9337087,4.2191
1869,87.93216704,4.2248
1870,89.93062539,4.1904
1871,91.92908373,4.1611
1872,93.92754207,4.1244
1873,95.92600041,4.0766
1874,97.92445875,4.0449
1875,99.9229171,4.0782
1876,101.9213754,4.0511
1877,103.9198338,3.9799
1878,105.9182921,3.8486
1879,107.9167505,3.8019
1880,109.9152088,3.6457
1881,111.9136671,3.3045
1882,113.9121255,2.8346
1883,115.9105838,2.4735
1884,117.9090422,2.1686
1885,119.9075005,1.8279
1886,121.9059589,1.4908
1887,123.9044172,1.1784
1888,125.9028755,0.9198
1889,127.9013339,0.724
1890,129.8997922,0.5127
1891,131.8982506,0.344
1892,133.8967089,0.2594
1893,135.8951672,0.1922
1894,137.8936256,0.1
1895,139.8920839,-0.0189
1896,141.8905423,-0.029
1897,143.8890006,-0.0869
1898,145.887459,-0.1708
1899,147.8859173,-0.1917
1900,149.8843756,-0.238
1901,0,8.7054
1902,1.998458342,9.5268
1903,3.996916686,8.7497
1904,5.995375028,5.2504
1905,7.993833368,3.9937
1906,9.992291711,3.6035
1907,11.99075005,3.51
1908,13.98920839,9.3753
1909,15.98766673,12.8759
1910,17.98612508,13.4804
1911,19.98458342,14.2661
1912,21.98304176,14.5129
1913,23.9815001,13.9685
1914,25.97995845,13.3522
1915,27.97841679,12.6001
1916,29.97687513,6.7902
1917,31.97533347,4.1029
1918,33.97379181,4.1739
1919,35.97225015,4.2521
1920,37.9707085,4.3388
1921,39.96916684,4.4671
1922,41.96762518,4.5427
1923,43.96608352,4.5852
1924,45.96454187,4.6258
1925,47.96300021,4.6528
1926,49.96145855,4.6286
1927,51.95991689,4.5807
1928,53.95837523,4.5128
1929,55.95683357,4.4688
1930,57.95529192,4.3858
1931,59.95375026,4.2389
1932,61.9522086,4.0726
1933,63.95066694,3.9514
1934,65.94912529,3.8808
1935,67.94758363,3.9081
1936,69.94604197,4.1314
1937,71.94450031,4.9005
1938,73.94295865,4.8637
1939,75.94141699,4.3709
1940,77.93987534,4.1915
1941,79.93833368,4.1478
1942,81.93679202,4.1257
1943,83.93525036,4.0934
1944,85.9337087,4.0626
1945,87.93216705,3.9883
1946,89.93062539,3.9962
1947,91.92908373,3.9763
1948,93.92754207,3.9863
1949,95.92600041,4.0236
1950,97.92445875,4.0481
1951,99.9229171,4.0697
1952,101.9213754,3.9931
1953,103.9198338,3.8206
1954,105.9182921,3.6166
1955,107.9167505,3.2698
1956,109.9152088,2.8515
1957,111.9136671,2.4989
1958,113.9121255,2.1261
1959,115.9105838,1.8309
1960,117.9090422,1.5505
1961,119.9075005,1.3064
1962,121.9059589,1.0748
1963,123.9044172,0.8724
1964,125.9028755,0.7327
1965,127.9013339,0.5984
1966,129.8997922,0.4906
1967,131.8982506,0.3829
1968,133.8967089,0.3134
1969,135.8951673,0.2741
1970,137.8936256,0.2132
1971,139.8920839,0.1933
1972,141.8905423,0.1216
1973,143.8890006,0.0425
1974,145.887459,-0.0262
1975,147.8859173,-0.0434
1976,149.8843756,-0.0952
1977,0,11.7765
1978,1.998458342,5.4846
1979,3.996916685,3.9538
1980,5.995375026,4.8218
1981,7.993833368,7.4281
1982,9.99229171,7.7814
1983,11.99075005,10.4296
1984,13.98920839,11.2753
1985,15.98766673,11.1266
1986,17.98612508,12.2224
1987,19.98458342,9.1384
1988,21.98304176,11.2117
1989,23.9815001,10.8822
1990,25.97995845,11.1445
1991,27.97841679,8.5915
1992,29.97687513,5.0656
1993,31.97533347,4.3059
1994,33.97379181,4.3434
1995,35.97225015,4.4857
1996,37.97070849,4.744
1997,39.96916684,5.5598
1998,41.96762518,5.2557
1999,43.96608352,5.1796
2000,45.96454186,4.967
2001,47.96300021,4.6475
2002,49.96145855,4.3933
2003,51.95991689,4.1851
2004,53.95837523,4.0958
2005,55.95683357,4.0649
2006,57.95529191,4.0108
2007,59.95375026,3.8841
2008,61.95220859,3.7856
2009,63.95066694,3.732
2010,65.94912528,3.7083
2011,67.94758363,3.6964
2012,69.94604197,3.9694
2013,71.94450031,4.5304
2014,73.94295865,4.7632
2015,75.94141699,4.271
2016,77.93987533,4.096
2017,79.93833368,4.1038
2018,81.93679202,4.1073
2019,83.93525036,4.1547
2020,85.9337087,4.1648
2021,87.93216705,4.14
2022,89.93062538,4.0972
2023,91.92908373,3.9897
2024,93.92754207,3.8636
2025,95.92600041,3.7278
2026,97.92445875,3.6137
2027,99.92291709,3.4431
2028,101.9213754,3.3383
2029,103.9198338,3.2145
2030,105.9182921,3.1096
2031,107.9167505,2.9485
2032,109.9152088,2.7419
2033,111.9136671,2.5573
2034,113.9121255,2.2532
2035,115.9105838,1.9523
2036,117.9090422,1.7275
2037,119.9075005,1.4953
2038,121.9059589,1.278
2039,123.9044172,1.1259
2040,125.9028755,0.9701
2041,127.9013339,0.8519
2042,129.8997922,0.7337
2043,131.8982506,0.6598
2044,133.8967089,0.5759
2045,135.8951672,0.5339
2046,137.8936256,0.4672
2047,139.8920839,0.3862
2048,141.8905423,0.334
2049,143.8890006,0.2824
2050,145.887459,0.2247
2051,147.8859173,0.1771
2052,149.8843756,0.1319
2053,0,9.4314
2054,1.998458342,8.438
2055,3.996916685,6.0408
2056,5.995375027,8.0109
2057,7.993833368,4.2835
2058,9.992291707,3.6669
2059,11.99075005,5.8965
2060,13.98920839,9.868
2061,15.98766673,11.5406
2062,17.98612508,11.2559
2063,19.98458342,11.8848
2064,21.98304176,11.3201
2065,23.9815001,11.441
2066,25.97995844,11.4734
2067,27.97841678,12.7393
2068,29.97687513,11.5323
2069,31.97533347,8.513
2070,33.97379181,5.5333
2071,35.97225015,4.3747
2072,37.9707085,4.3421
2073,39.96916684,4.761
2074,41.96762518,5.2496
2075,43.96608352,5.6271
2076,45.96454187,5.6647
2077,47.9630002,5.3017
2078,49.96145855,4.8321
2079,51.95991689,4.4856
2080,53.95837523,4.2595
2081,55.95683357,4.1575
2082,57.95529192,4.0989
2083,59.95375026,4.0724
2084,61.95220859,3.993
2085,63.95066694,3.854
2086,65.94912528,3.7507
2087,67.94758362,3.6516
2088,69.94604197,3.7102
2089,71.94450031,4.4156
2090,73.94295865,4.6962
2091,75.94141699,4.3491
2092,77.93987533,4.193
2093,79.93833368,4.2204
2094,81.93679201,4.2318
2095,83.93525036,4.2082
2096,85.9337087,4.248
2097,87.93216704,4.2824
2098,89.93062538,4.3181
2099,91.92908373,4.3195
2100,93.92754207,4.3063
2101,95.92600041,4.3052
2102,97.92445875,4.1944
2103,99.92291709,3.8201
2104,101.9213754,3.5952
2105,103.9198338,3.4318
2106,105.9182921,3.2027
2107,107.9167505,3.052
2108,109.9152088,2.962
2109,111.9136671,2.8333
2110,113.9121255,2.6528
2111,115.9105838,2.3996
2112,117.9090422,2.1354
2113,119.9075005,1.9314
2114,121.9059589,1.7289
2115,123.9044172,1.5101
2116,125.9028755,1.3381
2117,127.9013339,1.1765
2118,129.8997922,1.0448
2119,131.8982506,0.9466
2120,133.8967089,0.8567
2121,135.8951672,0.7654
2122,137.8936256,0.7301
2123,139.8920839,0.596
2124,141.8905423,0.5415
2125,143.8890006,0.4984
2126,145.887459,0.4388
2127,147.8859173,0.38
2128,149.8843756,0.3202
